{"cameraMode":{"drawMode":0,"name":"Shaded","section":"Shading Mode"},"sceneLighting":false,"audioPlay":false,"sceneViewState":{"showFog":true,"showMaterialUpdate":false,"showSkybox":true,"showFlares":true,"showImageEffects":true,"showParticleSystems":true},"in2DMode":false,"pivot":{"x":4.220893383026123,"y":0.6137564182281494,"z":0.6896167993545532},"rotation":{"x":0.1124080941081047,"y":-0.053636979311704639,"z":0.0060765426605939869,"w":0.9921948313713074},"size":8.97036075592041,"orthographic":false}