{"cameraMode":{"drawMode":0,"name":"Shaded","section":"Shading Mode"},"sceneLighting":false,"audioPlay":false,"sceneViewState":{"showFog":true,"showMaterialUpdate":false,"showSkybox":true,"showFlares":true,"showImageEffects":true,"showParticleSystems":true},"in2DMode":false,"pivot":{"x":-0.08241775631904602,"y":0.19598093628883363,"z":-0.041689686477184299},"rotation":{"x":0.01592419482767582,"y":-0.7157793641090393,"z":0.016330700367689134,"w":0.697953999042511},"size":2.857883930206299,"orthographic":false}