{"cameraMode":{"drawMode":0,"name":"Shaded","section":"Shading Mode"},"sceneLighting":false,"audioPlay":false,"sceneViewState":{"showFog":true,"showMaterialUpdate":false,"showSkybox":true,"showFlares":true,"showImageEffects":true,"showParticleSystems":true},"in2DMode":false,"pivot":{"x":2.813687562942505,"y":-0.12303007394075394,"z":0.07051044702529907},"rotation":{"x":0.09017711877822876,"y":-0.01644057035446167,"z":0.0014881237875670195,"w":0.9957889318466187},"size":10.621268272399903,"orthographic":false}