{"cameraMode":{"drawMode":0,"name":"Shaded","section":"Shading Mode"},"sceneLighting":false,"audioPlay":false,"sceneViewState":{"showFog":true,"showMaterialUpdate":false,"showSkybox":true,"showFlares":true,"showImageEffects":true,"showParticleSystems":true},"in2DMode":false,"pivot":{"x":3.5243420600891115,"y":-2.1128792762756349,"z":-0.2696424424648285},"rotation":{"x":0.09017711877822876,"y":-0.01644057035446167,"z":0.0014881237875670195,"w":0.9957889318466187},"size":11.669578552246094,"orthographic":false}