{"cameraMode":{"drawMode":0,"name":"Shaded","section":"Shading Mode"},"sceneLighting":false,"audioPlay":false,"sceneViewState":{"showFog":true,"showMaterialUpdate":false,"showSkybox":true,"showFlares":true,"showImageEffects":true,"showParticleSystems":true},"in2DMode":false,"pivot":{"x":4.152606010437012,"y":-0.5482509136199951,"z":0.29200124740600588},"rotation":{"x":-0.07011889666318894,"y":-0.01796317659318447,"z":-0.0012635799357667566,"w":0.9973760843276978},"size":6.970691680908203,"orthographic":false}