{"cameraMode":{"drawMode":0,"name":"Shaded","section":"Shading Mode"},"sceneLighting":false,"audioPlay":false,"sceneViewState":{"showFog":true,"showMaterialUpdate":false,"showSkybox":true,"showFlares":true,"showImageEffects":true,"showParticleSystems":true},"in2DMode":false,"pivot":{"x":9.718220710754395,"y":5.522886753082275,"z":9.87706184387207},"rotation":{"x":-0.06415791064500809,"y":-0.7067047953605652,"z":-0.06462271511554718,"w":0.7016239166259766},"size":15.198755264282227,"orthographic":false}