{"cameraMode":{"drawMode":0,"name":"Shaded","section":"Shading Mode"},"sceneLighting":false,"audioPlay":false,"sceneViewState":{"showFog":true,"showMaterialUpdate":false,"showSkybox":true,"showFlares":true,"showImageEffects":true,"showParticleSystems":true},"in2DMode":false,"pivot":{"x":0.448673814535141,"y":6.16865348815918,"z":2.1240458488464357},"rotation":{"x":0.1607987880706787,"y":-0.05002078786492348,"z":0.008161504752933979,"w":0.9856851100921631},"size":32.373863220214847,"orthographic":false}