{"cameraMode":{"drawMode":0,"name":"Shaded","section":"Shading Mode"},"sceneLighting":false,"audioPlay":false,"sceneViewState":{"showFog":true,"showMaterialUpdate":false,"showSkybox":true,"showFlares":true,"showImageEffects":true,"showParticleSystems":true},"in2DMode":false,"pivot":{"x":2.3840720653533937,"y":2.75915789604187,"z":-0.4542389512062073},"rotation":{"x":-0.055735863745212558,"y":0.030243463814258577,"z":0.001690176664851606,"w":0.9979859590530396},"size":11.804009437561036,"orthographic":false}